<?xml version="1.0" encoding="UTF-8"?>
<project-private xmlns="http://www.netbeans.org/ns/project-private/1">
    <editor-bookmarks xmlns="http://www.netbeans.org/ns/editor-bookmarks/2" lastBookmarkId="0"/>
    <open-files xmlns="http://www.netbeans.org/ns/projectui-open-files/2">
        <group>
            <file>file:/C:/Users/scmle/Desktop/CST347/Elevator/Elevator.X/Lab.X/src/main.c</file>
            <file>file:/C:/Users/scmle/Desktop/CST347/Elevator/Elevator.X/Lab.X/include/myTasks.h</file>
            <file>file:/C:/Users/scmle/Desktop/CST347/Elevator/Elevator.X/Lab.X/src/myTasks.c</file>
        </group>
    </open-files>
</project-private>
